date,close
2025-01-01,100.0000
2025-01-02,101.7175
2025-01-03,103.3235
2025-01-04,104.7241
2025-01-05,105.8579
2025-01-06,106.7042
2025-01-07,107.2844
2025-01-08,107.6554
2025-01-09,107.8968
2025-01-10,108.0938
2025-01-11,108.3197
2025-01-12,108.6210
2025-01-13,109.0072
2025-01-14,109.4488
2025-01-15,109.8819
2025-01-16,110.2203
2025-01-17,110.3720
2025-01-18,110.2567
2025-01-19,109.8222
2025-01-20,109.0552
2025-01-21,107.9857
2025-01-22,106.6834
2025-01-23,105.2470
2025-01-24,103.7882
2025-01-25,102.4139
2025-01-26,101.2088
2025-01-27,100.2230
2025-01-28,99.4651
2025-01-29,98.9040
2025-01-30,98.4776
2025-01-31,98.1070
2025-02-01,97.7142
2025-02-02,97.2388
2025-02-03,96.6520
2025-02-04,95.9637
2025-02-05,95.2228
2025-02-06,94.5091
2025-02-07,93.9204
2025-02-08,93.5541
2025-02-09,93.4905
2025-02-10,93.7773
2025-02-11,94.4206
2025-02-12,95.3833
2025-02-13,96.5905
2025-02-14,97.9428
2025-02-15,99.3322
2025-02-16,100.6610
2025-02-17,101.8574
2025-02-18,102.8862
2025-02-19,103.7531
2025-02-20,104.5006
2025-02-21,105.1971
2025-02-22,105.9212
2025-02-23,106.7445
2025-02-24,107.7146
2025-02-25,108.8440
2025-02-26,110.1048
2025-02-27,111.4311
2025-02-28,112.7292
2025-03-01,113.8928
2025-03-02,114.8210
2025-03-03,115.4353
2025-03-04,115.6932
2025-03-05,115.5952
2025-03-06,115.1843
2025-03-07,114.5376
2025-03-08,113.7527
2025-03-09,112.9295
2025-03-10,112.1531
2025-03-11,111.4792
2025-03-12,110.9252
2025-03-13,110.4690
2025-03-14,110.0554
2025-03-15,109.6089
2025-03-16,109.0500
2025-03-17,108.3131
2025-03-18,107.3617
2025-03-19,106.1979
2025-03-20,104.8653
2025-03-21,103.4433
2025-03-22,102.0360
2025-03-23,100.7549
2025-03-24,99.7012
2025-03-25,98.9491
2025-03-26,98.5344
2025-03-27,98.4495
2025-03-28,98.6465
2025-03-29,99.0473
2025-03-30,99.5593
2025-03-31,100.0928
2025-04-01,100.5781
2025-04-02,100.9782
2025-04-03,101.2951
2025-04-04,101.5685
2025-04-05,101.8674
2025-04-06,102.2750
2025-04-07,102.8720
2025-04-08,103.7191
2025-04-09,104.8432
2025-04-10,106.2299
2025-04-11,107.8235
2025-04-12,109.5343
2025-04-13,111.2523
2025-04-14,112.8649
2025-04-15,114.2745
2025-04-16,115.4143
2025-04-17,116.2575
2025-04-18,116.8198
2025-04-19,117.1540
2025-04-20,117.3381
2025-04-21,117.4588
2025-04-22,117.5936
2025-04-23,117.7955
2025-04-24,118.0815
2025-04-25,118.4295
2025-04-26,118.7818
2025-04-27,119.0562
2025-04-28,119.1618
2025-04-29,119.0164
2025-04-30,118.5637
2025-05-01,117.7848
2025-05-02,116.7040
2025-05-03,115.3859
2025-05-04,113.9263
2025-05-05,112.4366
2025-05-06,111.0262
2025-05-07,109.7846
2025-05-08,108.7679
2025-05-09,107.9915
2025-05-10,107.4299
2025-05-11,107.0248
2025-05-12,106.6980
2025-05-13,106.3696
2025-05-14,105.9745
2025-05-15,105.4771
2025-05-16,104.8799
2025-05-17,104.2247
2025-05-18,103.5858
2025-05-19,103.0579
2025-05-20,102.7385
2025-05-21,102.7102
2025-05-22,103.0252
2025-05-23,103.6955
2025-05-24,104.6891
2025-05-25,105.9355
2025-05-26,107.3368
2025-05-27,108.7843
2025-05-28,110.1765
2025-05-29,111.4359
2025-05-30,112.5204
2025-05-31,113.4287
2025-06-01,114.1979
2025-06-02,114.8930
2025-06-03,115.5923
2025-06-04,116.3698
2025-06-05,117.2784
2025-06-06,118.3372
2025-06-07,119.5255
2025-06-08,120.7838
2025-06-09,122.0230
2025-06-10,123.1387
2025-06-11,124.0290
2025-06-12,124.6121
2025-06-13,124.8405
2025-06-14,124.7092
2025-06-15,124.2558
2025-06-16,123.5546
2025-06-17,122.7019
2025-06-18,121.8001
2025-06-19,120.9390
2025-06-20,120.1806
2025-06-21,119.5499
2025-06-22,119.0318
2025-06-23,118.5764
2025-06-24,118.1108
2025-06-25,117.5557
2025-06-26,116.8423
2025-06-27,115.9288
2025-06-28,114.8109
2025-06-29,113.5251
